{"polyfill":["/polyfill-2737b8774f635be78fbd.js"],"app":["/app-f152153f94d4c319653f.js"],"component---src-pages-404-js":["/component---src-pages-404-js-1ea350e17997489ee839.js"],"component---src-pages-amenities-js":["/component---src-pages-amenities-js-1399c6a89a96d272068e.js"],"component---src-pages-configuration-js":["/component---src-pages-configuration-js-429686fa2c05d4b5bdb0.js"],"component---src-pages-contact-js":["/component---src-pages-contact-js-202ae4500e49bdf23983.js"],"component---src-pages-download-js":["/component---src-pages-download-js-872750bebeb96a3698ed.js"],"component---src-pages-gallery-js":["/component---src-pages-gallery-js-a7403867a7365cfcedd6.js"],"component---src-pages-index-js":["/component---src-pages-index-js-75d5e5059b6322a3da89.js"],"component---src-pages-location-js":["/component---src-pages-location-js-adce12b2927cc0d99424.js"],"component---src-pages-masterplan-js":["/component---src-pages-masterplan-js-650c8be33db501077b42.js"],"component---src-pages-overview-js":["/component---src-pages-overview-js-6ce58c72e7c0f56d4c15.js"],"component---src-pages-page-2-js":["/component---src-pages-page-2-js-6b183e9272b60b17d0a1.js"],"component---src-pages-pricing-js":["/component---src-pages-pricing-js-a493fef424c6cdb9f142.js"],"component---src-pages-using-typescript-tsx":["/component---src-pages-using-typescript-tsx-c36f81d16ec6382ca830.js"]}